{"cameraMode":{"drawMode":0,"name":"Shaded","section":"Shading Mode"},"sceneLighting":true,"audioPlay":false,"sceneViewState":{"showFog":true,"showMaterialUpdate":false,"showSkybox":true,"showFlares":true,"showImageEffects":true,"showParticleSystems":true},"in2DMode":false,"pivot":{"x":1.1299833059310914,"y":-10.690056800842286,"z":709.830810546875},"rotation":{"x":0.04656226933002472,"y":-0.8288218975067139,"z":0.0697985514998436,"w":0.5532419085502625},"size":52.54349136352539,"orthographic":true}